{
  "spider": "http://tvmvip110.live/down.php/e43a84197bf0dcac50990fbc7f2ca470.jar",
  "sites": [
    {
      "key": "csp_xpath_扛把子影院",
      "name": "扛把子影院(xpf)",
      "type": 3,
      "api": "csp_XPathFilter",
      "searchable": 1,
      "quickSearch": 1,
      "filterable": 0,
      "ext": "https://breadmyth.github.io/tv/MeowXP/扛把子影院(xpf).json"
    },
    {
      "key": "zp116",
      "name": "泡芙资源",
      "type": 0,
      "api": "http://zmcj88.com/api?ac=list",
      "url": "https://okjx.cc/?url=",
      "searchable": 1,
      "quickSearch": 1,
      "filterable": 0
    },
    {
      "key": "*色窝资源",
      "name": "*色窝资源",
      "type": 1,
      "api": "https://sewozyapi.com/api.php/provide/vod/",
      "searchable": 0,
      "quickSearch": 0
    },
    {
      "key": "*淫窝资源",
      "name": "*淫窝资源",
      "type": 1,
      "api": "https://api.yinwoapi.com/api.php/provide/vod/",
      "searchable": 0,
      "quickSearch": 0
    },
    {
      "key": "*皇冠资源",
      "name": "*皇冠资源",
      "type": 1,
      "api": "https://hghhh.com/api.php/provide/vod/",
      "searchable": 0,
      "quickSearch": 0
    },
    {
      "key": "*狼友资源",
      "name": "*狼友资源",
      "type": 1,
      "api": "https://www.langyouzy.com/api.php/provide/vod/",
      "searchable": 0,
      "quickSearch": 0
    },
    {
      "key": "*色南国资源",
      "name": "*色南国资源",
      "type": 1,
      "api": "https://api.sexnguon.com/api.php/provide/vod/",
      "searchable": 0,
      "quickSearch": 0
    },
    {
      "key": "*乐鱼资源",
      "name": "*乐鱼资源",
      "type": 1,
      "api": "https://www.leyuzyapi.com/inc/apijson_vod.php",
      "searchable": 0,
      "quickSearch": 0
    },
    {
      "key": "*三级片资源",
      "name": "*三级片资源",
      "type": 1,
      "api": "https://caiji.jjjzy.cc/inc/apijson_vod.php",
      "searchable": 0,
      "quickSearch": 0
    },
    {
      "key": "*秀色资源",
      "name": "*秀色资源",
      "type": 1,
      "api": "https://api.xiuseapi.com/api.php/provide/vod/",
      "searchable": 0,
      "quickSearch": 0
    },
    {
      "key": "*色屌丝资源",
      "name": "*色屌丝资源",
      "type": 0,
      "api": "http://sdszyapi.com/home/cjapi/asbb/mc10/vod/xml",
      "searchable": 0,
      "quickSearch": 0
    },
    {
      "key": "*小姐姐资源",
      "name": "*小姐姐资源",
      "type": 0,
      "api": "https://xjjzyapi.com/home/cjapi/askl/mc10/vod/xml",
      "searchable": 0,
      "quickSearch": 0
    },
    {
      "key": "*52AVAV",
      "name": "*52AVAV",
      "type": 0,
      "api": "https://52zyapi.com/home/cjapi/asda/mc10/vod/xml",
      "searchable": 0,
      "quickSearch": 0
    },
    {
      "key": "*精工厂资源",
      "name": "*精工厂资源",
      "type": 0,
      "api": "https://jgczyapi.com/home/cjapi/kld2/mc10/vod/xml",
      "searchable": 0,
      "quickSearch": 0
    },
    {
      "key": "*奶茶资源",
      "name": "*奶茶资源",
      "type": 1,
      "api": "https://caiji.naichaapi.com/inc/apijson_vod.php",
      "searchable": 0,
      "quickSearch": 0
    },
    {
      "key": "*狼少年",
      "name": "*狼少年",
      "type": 0,
      "api": "http://cjmygzy.com/inc/sapi.php?ac=videolist",
      "searchable": 0,
      "quickSearch": 0
    },
    {
      "key": "*大MM资源",
      "name": "*大MM资源",
      "type": 0,
      "api": "https://www.dmmapi.com/home/cjapi/asd2c7/mc10/vod/xml",
      "searchable": 0,
      "quickSearch": 0
    },
    {
      "key": "*抖阴视频",
      "name": "*抖阴视频",
      "type": 1,
      "api": "https://www.888dav.com/api.php/provide/vod/",
      "searchable": 0,
      "quickSearch": 0
    },
    {
      "key": "*老鸭资源",
      "name": "*老鸭资源",
      "type": 1,
      "api": "https://api.apilyzy.com/api.php/provide/vod/",
      "searchable": 0,
      "quickSearch": 0
    },
    {
      "key": "*酷豆资源",
      "name": "*酷豆资源",
      "type": 1,
      "api": "https://kudouzy.com/api.php/provide/vod/",
      "searchable": 0,
      "quickSearch": 0
    },
    {
      "key": "*酷豆2",
      "name": "*酷豆2",
      "type": 1,
      "api": "https://api.kdapi.info/api.php/provide/vod/",
      "searchable": 0,
      "quickSearch": 0
    },
    {
      "key": "*酷伦理",
      "name": "*酷伦理",
      "type": 1,
      "api": "https://api.kudian70.com/api.php/provide/vod/",
      "searchable": 0,
      "quickSearch": 0
    },
    {
      "key": "*影库资源",
      "name": "*影库资源",
      "type": 1,
      "api": "https://api.ykapi.net/api.php/provide/vod/",
      "searchable": 0,
      "quickSearch": 0
    },
    {
      "key": "*万影色",
      "name": "*万影色",
      "type": 1,
      "api": "https://wanying4.com/api.php/provide/vod/",
      "searchable": 0,
      "quickSearch": 0
    },
    {
      "key": "*爱播资源",
      "name": "*爱播资源",
      "type": 1,
      "api": "https://cj.apiabzy.com/api.php/provide/vod/",
      "searchable": 0,
      "quickSearch": 0
    },
    {
      "key": "*CK资源",
      "name": "*CK资源",
      "type": 1,
      "api": "http://www.feifei67.com/api.php/provide/vod/",
      "searchable": 0,
      "quickSearch": 0
    },
    {
      "key": "*博天堂",
      "name": "*博天堂",
      "type": 0,
      "api": "http://bttcj.com/inc/sapi.php",
      "searchable": 0,
      "quickSearch": 0
    },
    {
      "key": "*环亚资源",
      "name": "*环亚资源",
      "type": 0,
      "api": "http://wmcj8.com/inc/sapi.php",
      "searchable": 0,
      "quickSearch": 0
    },
    {
      "key": "*色色资源",
      "name": "*色色资源",
      "type": 0,
      "api": "http://secj8.com/inc/sapi.php?ac=videolist",
      "searchable": 0,
      "quickSearch": 0
    },
    {
      "key": "*玖玖资源",
      "name": "*玖玖资源",
      "type": 0,
      "api": "http://99zywcj.com/inc/sapi.php?ac=videolist",
      "searchable": 0,
      "quickSearch": 0
    },
    {
      "key": "*速度资源",
      "name": "*速度资源",
      "type": 0,
      "api": "http://www.ggmmzy.com:9999/inc/xml",
      "searchable": 0,
      "quickSearch": 0
    },
    {
      "key": "精工厂",
      "name": "精工厂",
      "type": 0,
      "api": "https://jgczyapi.com/home/cjapi/kld2/mc/vod/xml",
      "searchable": 1,
      "quickSearch": 1,
      "filterable": 0
    },
    {
      "key": "csp_xpath_xxj",
      "name": "新香蕉(XP)",
      "type": 3,
      "api": "csp_XPathMacFilter",
      "searchable": 1,
      "quickSearch": 1,
      "filterable": 1,
      "ext": "https://breadmyth.github.io/tv/MeowXP/2024xxj.json"
    },
    {
      "key": "影库资源",
      "name": "影库资源",
      "type": 1,
      "api": "https://api.ykapi.net/api.php/provide/vod/from/ykm3u8/",
      "tag": "qb,tj",
      "categories": []
    },
    {
      "key": "老鸭1",
      "name": "老鸭1",
      "type": 1,
      "api": "https://api.apilyzy.com/api.php/provide/vod/?ac=list",
      "playUrl": "https://player.77lehuo.com/aliplayer/?url=",
      "searchable": 1,
      "quickSearch": 1,
      "filterable": 0
    },
    {
      "key": "奶插",
      "name": "奶插",
      "type": 1,
      "api": "https://caiji.naichaapi.com/inc/apijson_vod.php",
      "playUrl": "https://jiexi.naichaapi.com/?url=",
        

      "searchable": 1,
      "quickSearch": 1,
      "filterable": 1
    },
    {
      "key": "小姐1",
      "name": "小姐姐",
      "type": 0,
      "api": "https://xjjzyapi.com/home/cjapi/askl/mc/vod/xml/m3u8",
      "searchable": 1,
      "quickSearch": 1,
      "filterable": 0
    },
    {
      "key": "屌丝",
      "name": "屌丝",
      "type": 0,
      "api": "https://sdszyapi.com/home/cjapi/asbb/mc/vod/xml",
      "searchable": 1,
      "quickSearch": 1,
      "filterable": 0
    },
    {
      "key": "色窝",
      "name": "色窝",
      "type": 1,
      "api": "https://sewozyapi.com/api.php/provide/vod/",
      "playUrl": "https://player.sewozyplayer.com/m3u8/?url=",
      "searchable": 1,
      "quickSearch": 1,
      "filterable": 0
    },
    {
      "key": "小湿妹",
      "name": "小湿妹",
      "type": 0,
      "api": "https://www.afasu.com/api/xml.php",
      "searchable": 1,
      "quickSearch": 1,
      "filterable": 0
    },
    {
      "key": "咪咪",
      "name": "咪咪",
      "type": 0,
      "api": "http://www.caiji25.com/home/cjapi/p0as/mc/vod/xml",
      "searchable": 1,
      "quickSearch": 1,
      "filterable": 0
    },
    {
      "key": "青青草",
      "name": "青青草",
      "type": 0,
      "api": "https://www.caiji05.com/home/cjapi/cfda/mc/vod/xml",
      "searchable": 1,
      "quickSearch": 1,
      "filterable": 0
    },
    {
      "key": "酷伦",
      "name": "酷伦",
      "type": 1,
      "api": "https://api.kudian70.com/api.php/provide/vod/",
      "playUrl": "https://jx.kujiexi.net/m3u8.php?url=",
      "searchable": 1,
      "quickSearch": 1,
      "filterable": 0
    },
    {
      "key": "花椒",
      "name": "花椒",
      "type": 1,
      "api": "https://apihjzy.com/api.php/provide/vod/",
      "searchable": 1,
      "quickSearch": 1,
      "filterable": 0
    },
    {
      "key": "探探",
      "name": "探探",
      "type": 1,
      "api": "https://apittzy.com/api.php/provide/vod/?ac=list",
      "playUrl": "https://jiexi.ttbfp1.com/m3u8/?url=",
      "searchable": 1,
      "quickSearch": 1,
      "filterable": 0
    },
    {
      "key": "乐鱼",
      "name": "乐鱼",
      "type": 0,
      "api": "https://www.leyuzyapi.com/inc/zyapimac.php",
      "playUrl": "https://player.leyuzy.net/?url=",
      "searchable": 1,
      "quickSearch": 1,
      "filterable": 0
    },
    {
      "key": "酷豆",
      "name": "酷豆",
      "type": 1,
      "api": "https://api.kdapi.info/api.php/provide/vod/",
      "playUrl": "https://jx.kubohk.com/jx/?url=",
      "searchable": 1,
      "quickSearch": 1,
      "filterable": 0
    },
    {
      "key": "大MM",
      "name": "大MM",
      "type": 0,
      "api": "https://www.dmmapi.com/home/cjapi/asd2c7/mc/vod/xml",
      "searchable": 1,
      "quickSearch": 1,
      "filterable": 0
    },
    {
      "key": "白嫖",
      "name": "白嫖",
      "type": 0,
      "api": "https://www.kxgav.com/api/xml.php",
      "searchable": 1,
      "quickSearch": 1,
      "filterable": 1
    },
    {
      "key": "9号资源",
      "name": "9号资源",
      "type": 0,
      "api": "http://fhapi9.com/api.php/provide/vod/at/xml/",
      "searchable": 1,
      "quickSearch": 1,
      "filterable": 0
    },
    {
      "key": "名优馆",
      "name": "名优馆",
      "type": 0,
      "api": "http://mygzycj.com/sapi.php?ac=videolist",
      "playUrl": "",
      "categories": []
    },
    {
      "key": "4000",
      "name": "4000",
      "type": 0,
      "api": "http://4000zy.com/inc/api.php",
      "playUrl": "",
      "categories": []
    },
    {
      "key": "哥哥妹妹",
      "name": "哥哥妹妹",
      "type": 0,
      "api": "http://www.ggmmzy.com:9999/inc/xml",
      "searchable": 0,
      "quickSearch": 0,
      "filterable": 0
    },
    {
      "key": "(18+)浪潮资源",
      "name": "(18+)浪潮资源",
      "type": 1,
      "api": "http://langchaozy6.com/api.php/provide/vod/",
      "searchable": 1,
      "quickSearch": 1,
      "filterable": 0
    }
  ],
  "lives": [
    {
      "group": "电影轮播",
      "channels": [
        {
          "name": "周星星",
          "urls": [
            "http://wabc.ml/huya.php?id=11342412"
          ]
        },
        {
          "name": "经典贺岁片",
          "urls": [
            "http://117.148.179.159/PLTV/88888888/224/3221231679/index.m3u8"
          ]
        },
        {
          "name": "古天乐影院",
          "urls": [
            "http://117.148.179.176/PLTV/88888888/224/3221231645/index.m3u8"
          ]
        },
        {
          "name": "成龙作品集",
          "urls": [
            "http://117.148.179.163/PLTV/88888888/224/3221231687/index.m3u8"
          ]
        },
        {
          "name": "张国荣作品集",
          "urls": [
            "http://117.148.179.177/PLTV/88888888/224/3221231790/index.m3u8"
          ]
        },
        {
          "name": "周润发影院",
          "urls": [
            "http://117.148.179.177/PLTV/88888888/224/3221231709/index.m3u8"
          ]
        },
        {
          "name": "云上电影院",
          "urls": [
            "http://117.148.179.176/PLTV/88888888/224/3221231565/index.m3u8"
          ]
        },
        {
          "name": "刘德华影院",
          "urls": [
            "http://117.148.179.154/PLTV/88888888/224/3221231757/index.m3u8"
          ]
        },
        {
          "name": "刘亦菲影视展播",
          "urls": [
            "http://117.148.179.165/PLTV/88888888/224/3221231787/index.m3u8"
          ]
        },
        {
          "name": "TVB剧场",
          "urls": [
            "http://117.148.179.157/PLTV/88888888/224/3221231733/index.m3u8"
          ]
        },
        {
          "name": "盗墓方法论",
          "urls": [
            "http://117.148.179.164/PLTV/88888888/224/3221231652/index.m3u8"
          ]
        },
        {
          "name": "试胆大会",
          "urls": [
            "http://117.148.179.166/PLTV/88888888/224/3221231672/index.m3u8"
          ]
        },
        {
          "name": "军旅剧场",
          "urls": [
            "http://117.148.179.145/PLTV/88888888/224/3221231585/index.m3u8"
          ]
        },
        {
          "name": "SNH48剧场公演",
          "urls": [
            "http://117.148.179.139/PLTV/88888888/224/3221231622/index.m3u8"
          ]
        },
        {
          "name": "追剧少女",
          "urls": [
            "http://117.148.179.179/PLTV/88888888/224/3221231643/index.m3u8"
          ]
        }
      ]
    }
  ],
  "parses": [
    {
      "name": "解析聚合",
      "type": 3,
      "url": "Demo"
    },
    {
      "name": "Json并发",
      "type": 2,
      "url": "Parallel"
    },
    {
      "name": "Json轮询",
      "type": 2,
      "url": "Sequence"
    },
    {
      "name": "解析GGTV",
      "type": 1,
      "url": "https://play.fuqizhishi.com/maotv/API.php?appkey=xiongdimenbieguaiwodingbuzhulegailekey07201538&url="
    },
    {
      "name": "嗅探解析parwix",
      "type": 0,
      "url": "https://jx.bozrc.com:4433/player/?url="
    },
    {
      "name": "嗅探解析parwix2",
      "type": 0,
      "url": "https://jx.parwix.com:4433/player/analysis.php?v=",
      "ext": {
        "flag": [
          "qq",
          "腾讯",
          "qiyi",
          "爱奇艺",
          "奇艺",
          "youku",
          "优酷",
          "mgtv",
          "芒果",
          "letv",
          "乐视",
          "pptv",
          "PPTV",
          "sohu",
          "bilibili",
          "哔哩哔哩",
          "哔哩"
        ]
      }
    },
    {
      "name": "嗅探解析OKjx综合",
      "type": 0,
      "url": "https://okjx.cc/?url="
    },
    {
      "name": "解析秒播",
      "type": 1,
      "url": "https://www.hfyrw.com/json.php?url="
    },
    {
      "name": "解析293",
      "type": 1,
      "url": "http://47.98.234.2:7768/api.php?url=",
      "ext": {
        "flag": [
          "qq",
          "qiyi",
          "mgtv",
          "youku",
          "letv",
          "sohu",
          "xigua",
          "1905"
        ],
        "header": {
          "User-Agent": "Dart/2.14 (dart:io)"
        }
      }
    },
    {
      "name": "解析必成",
      "type": 1,
      "url": " https://jisu.rongxingvr.top/api/?key=rCMmoKD0H0ShJ00u2f&url=",
      "ext": {
        "flag": [
          "qq",
          "qiyi",
          "youku",
          "pptv",
          "le",
          "sohu",
          "bilibili",
          "xigua",
          "1905"
        ]
      }
    },
    {
      "name": "解析人迷",
      "type": 0,
      "url": "https://jx.blbo.cc:4433/?url="
    },
    {
      "name": "解析第一",
      "type": 1,
      "url": "http://27.124.4.42:4567/jhjson/ceshi.php?url=",
      "ext": {
        "flag": [
          "qiyi",
          "qq",
          "letv",
          "sohu",
          "youku",
          "mgtv",
          "bilibili",
          "wasu",
          "xigua",
          "1905"
        ]
      }
    },
    {
      "name": "解析最先",
      "type": 0,
      "url": "https://jx.zui.cm/?url=",
      "ext": {
        "flag": [
          "ltnb"
        ]
      }
    },
    {
      "name": "解析王牌",
      "type": 1,
      "url": "https://za.kuanjv.com/?url=",
      "ext": {
        "flag": [
          "qq",
          "腾讯",
          "qiyi",
          "爱奇艺",
          "奇艺",
          "youku",
          "优酷",
          "mgtv",
          "芒果",
          "搜狐",
          "sohu",
          "letv",
          "乐视",
          "bilibili",
          "哔哩哔哩",
          "哔哩",
          "xigua",
          "西瓜"
        ]
      }
    },
    {
      "name": "解析诺讯",
      "type": 1,
      "url": "https://vip.nxflv.com/home/api?uid=701203&key=bltuyCEFKLTX013679&url="
    },
    {
      "name": "解析乐多",
      "type": 1,
      "url": "https://api.ldjx.cc/wp-api/getvodurl.php?token=1001&vid=",
      "ext": {
        "flag": [
          "leduo"
        ]
      }
    },
    {
      "name": "解析知识",
      "type": 1,
      "url": "https://play.fuqizhishi.com/maotv/API.php?appkey=xiongdimenbieguaiwodingbuzhulegailekey07201538&url="
    },
    {
      "name": "解析虾米",
      "type": 0,
      "url": "https://jx.xmflv.com/?url="
    },
    {
      "name": "8090",
      "type": 0,
      "url": "https://www.8090g.cn/?url="
    }
  ],
  "flags": [
    "youku",
    "qq",
    "iqiyi",
    "qiyi",
    "letv",
    "sohu",
    "tudou",
    "pptv",
    "mgtv",
    "wasu",
    "bilibili"
  ],
  "ijk": [
    {
      "group": "软解码",
      "options": [
        {
          "category": 4,
          "name": "opensles",
          "value": "0"
        },
        {
          "category": 4,
          "name": "overlay-format",
          "value": "842225234"
        },
        {
          "category": 4,
          "name": "framedrop",
          "value": "1"
        },
        {
          "category": 4,
          "name": "soundtouch",
          "value": "1"
        },
        {
          "category": 4,
          "name": "start-on-prepared",
          "value": "1"
        },
        {
          "category": 1,
          "name": "http-detect-range-support",
          "value": "0"
        },
        {
          "category": 1,
          "name": "fflags",
          "value": "fastseek"
        },
        {
          "category": 2,
          "name": "skip_loop_filter",
          "value": "48"
        },
        {
          "category": 4,
          "name": "reconnect",
          "value": "1"
        },
        {
          "category": 4,
          "name": "max-buffer-size",
          "value": "5242880"
        },
        {
          "category": 4,
          "name": "enable-accurate-seek",
          "value": "0"
        },
        {
          "category": 4,
          "name": "mediacodec",
          "value": "0"
        },
        {
          "category": 4,
          "name": "mediacodec-auto-rotate",
          "value": "0"
        },
        {
          "category": 4,
          "name": "mediacodec-handle-resolution-change",
          "value": "0"
        },
        {
          "category": 4,
          "name": "mediacodec-hevc",
          "value": "0"
        }
      ]
    },
    {
      "group": "硬解码",
      "options": [
        {
          "category": 4,
          "name": "opensles",
          "value": "0"
        },
        {
          "category": 4,
          "name": "overlay-format",
          "value": "842225234"
        },
        {
          "category": 4,
          "name": "framedrop",
          "value": "1"
        },
        {
          "category": 4,
          "name": "soundtouch",
          "value": "1"
        },
        {
          "category": 4,
          "name": "start-on-prepared",
          "value": "1"
        },
        {
          "category": 1,
          "name": "http-detect-range-support",
          "value": "0"
        },
        {
          "category": 1,
          "name": "fflags",
          "value": "fastseek"
        },
        {
          "category": 2,
          "name": "skip_loop_filter",
          "value": "48"
        },
        {
          "category": 4,
          "name": "reconnect",
          "value": "1"
        },
        {
          "category": 4,
          "name": "max-buffer-size",
          "value": "5242880"
        },
        {
          "category": 4,
          "name": "enable-accurate-seek",
          "value": "0"
        },
        {
          "category": 4,
          "name": "mediacodec",
          "value": "1"
        },
        {
          "category": 4,
          "name": "mediacodec-auto-rotate",
          "value": "1"
        },
        {
          "category": 4,
          "name": "mediacodec-handle-resolution-change",
          "value": "1"
        },
        {
          "category": 4,
          "name": "mediacodec-hevc",
          "value": "1"
        }
      ]
    }
  ],
  "ads": [
    "mimg.0c1q0l.cn",
    "www.googletagmanager.com",
    "www.google-analytics.com",
    "mc.usihnbcq.cn",
    "mg.g1mm3d.cn",
    "mscs.svaeuzh.cn",
    "cnzz.hhttm.top",
    "tp.vinuxhome.com",
    "cnzz.mmstat.com",
    "www.baihuillq.com",
    "s23.cnzz.com",
    "z3.cnzz.com",
    "c.cnzz.com",
    "stj.v1vo.top",
    "z12.cnzz.com",
    "img.mosflower.cn",
    "tips.gamevvip.com",
    "ehwe.yhdtns.com",
    "xdn.cqqc3.com",
    "www.jixunkyy.cn",
    "sp.chemacid.cn",
    "hm.baidu.com",
    "s9.cnzz.com",
    "z6.cnzz.com",
    "um.cavuc.com",
    "mav.mavuz.com",
    "wofwk.aoidf3.com",
    "z5.cnzz.com",
    "xc.hubeijieshikj.cn",
    "tj.tianwenhu.com",
    "xg.gars57.cn",
    "k.jinxiuzhilv.com",
    "cdn.bootcss.com",
    "ppl.xunzhuo123.com",
    "xomk.jiangjunmh.top",
    "img.xunzhuo123.com",
    "z1.cnzz.com",
    "s13.cnzz.com",
    "xg.huataisangao.cn",
    "z7.cnzz.com",
    "xg.huataisangao.cn",
    "z2.cnzz.com",
    "s96.cnzz.com",
    "q11.cnzz.com",
    "thy.dacedsfa.cn",
    "xg.whsbpw.cn",
    "s19.cnzz.com",
    "z8.cnzz.com",
    "s4.cnzz.com",
    "f5w.as12df.top",
    "ae01.alicdn.com",
    "www.92424.cn",
    "k.wudejia.com",
    "vivovip.mmszxc.top",
    "qiu.xixiqiu.com",
    "cdnjs.hnfenxun.com",
    "cms.qdwght.com"
  ]
}
