{
  "name": "达达龟",
  "url": "http://www.dadagui.com",
  "tihuan": "cnzz.com",
  "User": "空",
  "shouye": "1",
  //"fenlei": "电影$/vodshow/1--------#连续剧$/vodshow/2--------#综艺$/vodshow/3--------#动漫$/vodshow/4--------",
  "fenlei": "电影$/vodshow/1--------#连续剧$/vodshow/2--------#综艺$/vodshow/3--------#动漫$/vodshow/4--------#国产剧$/vodshow/13--------#日韩剧$/vodshow/14--------#欧美剧$/vodshow/15--------#港台剧$/vodshow/16--------#日剧$/vodshow/25--------#台剧$/vodshow/26--------#泰剧$/vodshow/27--------#越剧$/vodshow/28--------#国产动漫$/vodshow/33--------#日本动漫$/vodshow/34--------#港台动漫$/vodshow/35--------#欧美动漫$/vodshow/36--------#其它动漫$/vodshow/37--------#动作片$/vodshow/6--------#喜剧片$/vodshow/7--------#爱情片$/vodshow/8--------#科幻片$/vodshow/9--------#恐怖片$/vodshow/10--------#剧情片$/vodshow/11--------#战争片$/vodshow/12--------#动画片$/vodshow/20--------#犯罪片$/vodshow/21--------#纪录片$/vodshow/22--------#音乐片$/vodshow/23--------#微电影$/vodshow/24--------#奇幻片$/vodshow/38--------#悬疑片$/vodshow/39--------",
  "houzhui": "---.html",
  "shifouercijiequ": "0",
  "jiequqian": "空",
  "jiequhou": "空",
  "jiequshuzuqian": "class=\"stui-vodlist__box",
  "jiequshuzuhou": "</a>",
  "tupianqian": "data-original=\"",
  "tupianhou": "\"",
  "biaotiqian": "title=\"",
  "biaotihou": "\"",
  "lianjieqian": "href=\"",
  "lianjiehou": "\"",


  "fubiaotiqian": "text-right\">",
  "fubiaotihou": "</span",

  "sousuoqian": "/vodsearch/-------------.html?wd=",
  "sousuohou": "&limit=500",
  "sousuohouzhui": "/voddetail/",
  "ssmoshi": "1",
  "sousuoshifouercijiequ": "0",
  "jspic": "空",
  "jsname": "空",
  "jsid": "空",
  "ssjiequqian": "空",
  "ssjiequhou": "空",
  "ssjiequshuzuqian": "class=\"thumb",
  "ssjiequshuzuhou": "</li>",
  "sstupianqian": "data-original=\"",
  "sstupianhou": "\"",
  "ssbiaotiqian": "title=\"",
  "ssbiaotihou": "\"",
  "sslianjieqian": "href=\"",
  "sslianjiehou": "\"",

  "bfshifouercijiequ": "0",
  "bfjiequqian": "空",
  "bfjiequhou": "空",
  "bfjiequshuzuqian": "class=\"stui-content__playlist",
  "bfjiequshuzuhou": "</ul>",

  "zhuangtaiqian": "更新：",
  "zhuangtaihou": "</p>",
  "daoyanqian": "导演：",
  "daoyanhou": "</p>",
  "zhuyanqian": "主演：",
  "zhuyanhou": "</p>",
  "juqingqian": "display: none;\">",
  "juqinghou": "</span",

  "bfyshifouercijiequ": "0",
  "bfyjiequqian": "空",
  "bfyjiequhou": "空",
  "bfyjiequshuzuqian": "<a",
  "bfyjiequshuzuhou": "/a>",
  "bfbiaotiqian": ">",
  "bfbiaotihou": "<",
  "bflianjieqian": "href=\"",
  "bflianjiehou": "\">"
}