{"name": "80S磁力",
"url": "https://www.80s.tw/",
//"ua": "Mozilla/5.0 (Windows NT 10.0; Win64; x64) AppleWebKit/537.36 (KHTML, like Gecko) Chrome/88.0.4324.150 Safari/537.36",
"User": "空",
"直接播放": "0",
"列表显示": "0",
"横图显示": "0",
"fenlei": "电视剧$/ju/list/----0--p/#电影$/movie/list/-----p/",
"houzhui": "",
"qishiye": "1",
"shifouercijiequ": "1",
"jiequqian": "class=\"me1 clearfix",
"jiequhou": "</ul>",
"jiequshuzuqian": "<li> <a href=\"/",
"jiequshuzuhou": "</li>",
"tupianqian": "src=\"",
"tupianhou": "\"",
"tupianqianzhui": "http://",
"biaotiqian": "alt=\"",
"biaotihou": "\"",
"lianjieqian": "/",
"lianjiehou": "\"",
"ljqianzhui": "https://s.80s.tw/movie/",
"fubiaotiqian": "",
"fubiaotihou": "",
"sousuohouzhui": "/voddetail/",
"jspic": "pic",
"jsname": "name",
"jsid": "id",
"sousuoqian": "/index.php/ajax/suggest?mid=1&wd=",
"sousuohou": "&limit=500",
"ssmoshi": "0",
"sousuoshifouercijiequ": "0",
"ssjiequqian": "空",
"ssjiequhou": "空",
"ssjiequshuzuqian": "空",
"ssjiequshuzuhou": "空",
"sstupianqian": "空",
"sstupianhou": "空",
"sstupianqianzhui": "空",
"ssbiaotiqian": "空",
"ssbiaotihou": "空",
"sslianjieqian": "空",
"sslianjiehou": "空",
"ssljqianzhui": "空",
"zhuangtaiqian": "class=\"otherbox\">",
"zhuangtaihou": "</p>",
"daoyanqian": "导演：</span>",
"daoyanhou": "</a>",
"zhuyanqian": "主演：</span>",
"zhuyanhou": "&nbsp; ",
"juqingqian": "剧情介绍：</span>",
"juqinghou": "<a",
"bfshifouercijiequ": "0",
"bfjiequqian": "class=\"dllist1",
"bfjiequhou": "</ul>",
"bfjiequshuzuqian": "分辨率",
"bfjiequshuzuhou": "</tr>",
"bfyshifouercijiequ": "1",
"bfyjiequqian": "style",
"bfyjiequhou": "</td>",
"bfyjiequshuzuqian": "<a",
"bfyjiequshuzuhou": "/a>",
"bfbiaotiqian": ">",
"bfbiaotihou": "<",
"bflianjieqian": "href=\"mag",
"bflianjiehou": "\"",
"bfqianzhui": "mag"}